{
  "params": {
    "kernel": "rbf",
    "C": 5.456725485601478,
    "epsilon": 0.020914981329035603,
    "gamma": "auto"
  },
  "metrics": {
    "r2": 0.942253709813874,
    "rmse": 1.0184456212119506,
    "mae": 0.6848549342982543
  }
}